{
    "AT2G11520": [
        [
            0.002978111617267132,
            0.15441423654556274,
            0.8426077365875244
        ]
    ],
    "AT2G11810": [
        [
            0.018795067444443703,
            0.054674066603183746,
            0.9265308380126953
        ]
    ],
    "AT2G11890": [
        [
            0.0008201227756217122,
            0.02164899744093418,
            0.9775308966636658
        ]
    ],
    "AT2G12646": [
        [
            0.005615288391709328,
            0.03496348112821579,
            0.9594211578369141
        ]
    ],
    "AT2G13360": [
        [
            0.07703467458486557,
            0.3194393813610077,
            0.6035259962081909
        ]
    ],
    "AT2G13370": [
        [
            0.0009210495045408607,
            0.09272080659866333,
            0.9063581228256226
        ]
    ],
    "AT2G13540": [
        [
            0.06122530996799469,
            0.2831384241580963,
            0.6556363105773926
        ]
    ],
    "AT2G13560": [
        [
            0.0006131696864031255,
            0.01856786571443081,
            0.9808189272880554
        ]
    ],
    "AT2G13610": [
        [
            0.0003975887957494706,
            0.01764034852385521,
            0.9819620251655579
        ]
    ],
    "AT2G13650": [
        [
            0.002481884555891156,
            0.17664644122123718,
            0.8208717107772827
        ]
    ],
    "AT2G13680": [
        [
            0.00238040485419333,
            0.05049660801887512,
            0.9471230506896973
        ]
    ],
    "AT2G13790": [
        [
            0.0025516808964312077,
            0.04937029257416725,
            0.9480780363082886
        ]
    ],
    "AT2G13800": [
        [
            0.3818542957305908,
            0.121910959482193,
            0.49623480439186096
        ]
    ],
    "AT2G14170": [
        [
            0.0008696505101397634,
            0.057479407638311386,
            0.941650927066803
        ]
    ],
    "AT2G14540": [
        [
            0.002919923048466444,
            0.1348109096288681,
            0.8622691631317139
        ]
    ],
    "AT2G14560": [
        [
            0.003772551426663995,
            0.10404375940561295,
            0.8921836614608765
        ]
    ],
    "AT2G14740": [
        [
            0.016842789947986603,
            0.040120795369148254,
            0.9430364370346069
        ]
    ],
    "AT2G14920": [
        [
            0.000780292903073132,
            0.036717358976602554,
            0.9625023007392883
        ]
    ],
    "AT2G14960": [
        [
            0.001107438001781702,
            0.08042236417531967,
            0.9184702038764954
        ]
    ],
    "AT2G15050": [
        [
            0.025732845067977905,
            0.3503689169883728,
            0.6238982677459717
        ]
    ],
    "AT2G15230": [
        [
            0.009600358083844185,
            0.503673255443573,
            0.4867262840270996
        ]
    ],
    "AT2G15290": [
        [
            0.021999720484018326,
            0.3436451852321625,
            0.6343551278114319
        ]
    ],
    "AT2G15390": [
        [
            0.002570509444922209,
            0.08881620317697525,
            0.9086133241653442
        ]
    ],
    "AT2G15400": [
        [
            0.0028642690740525723,
            0.12851953506469727,
            0.8686162233352661
        ]
    ],
    "AT2G15430": [
        [
            0.0013240149710327387,
            0.07011707872152328,
            0.9285589456558228
        ]
    ],
    "AT2G15480": [
        [
            0.0005993327358737588,
            0.024557819589972496,
            0.97484290599823
        ]
    ],
    "AT2G15570": [
        [
            0.007500714622437954,
            0.07453486323356628,
            0.9179644584655762
        ]
    ],
    "AT2G15620": [
        [
            0.006371755618602037,
            0.25475624203681946,
            0.7388719916343689
        ]
    ],
    "AT2G15680": [
        [
            0.37447217106819153,
            0.3339795470237732,
            0.29154831171035767
        ]
    ],
    "AT2G15790": [
        [
            0.0007014037109911442,
            0.024013029411435127,
            0.9752855896949768
        ]
    ],
    "AT2G15820": [
        [
            0.0006301989778876305,
            0.01667577587068081,
            0.9826939702033997
        ]
    ],
    "AT2G15880": [
        [
            0.3473120331764221,
            0.5416786670684814,
            0.11100925505161285
        ]
    ],
    "AT2G15890": [
        [
            0.00201633688993752,
            0.1362563669681549,
            0.861727237701416
        ]
    ],
    "AT2G16005": [
        [
            0.000684136466588825,
            0.033825960010290146,
            0.96548992395401
        ]
    ],
    "AT2G16060": [
        [
            0.009850695729255676,
            0.27495262026786804,
            0.7151967287063599
        ]
    ],
    "AT2G16120": [
        [
            0.007440059911459684,
            0.5454925894737244,
            0.4470672905445099
        ]
    ],
    "AT2G16130": [
        [
            0.01072740275412798,
            0.21373052895069122,
            0.7755420804023743
        ]
    ],
    "AT2G16280": [
        [
            0.0008933929493650794,
            0.03493931517004967,
            0.9641672372817993
        ]
    ],
    "AT2G16365": [
        [
            0.0007711423095315695,
            0.027559496462345123,
            0.9716693162918091
        ]
    ],
    "AT2G16385": [
        [
            0.0007082890952005982,
            0.018157659098505974,
            0.9811340570449829
        ]
    ],
    "AT2G16390": [
        [
            0.004310580901801586,
            0.0845806673169136,
            0.9111087322235107
        ]
    ],
    "AT2G16430": [
        [
            0.032269638031721115,
            0.3690475523471832,
            0.5986828207969666
        ]
    ],
    "AT2G16440": [
        [
            0.0037882355973124504,
            0.11468365043401718,
            0.8815281987190247
        ]
    ],
    "AT2G16485": [
        [
            0.004424852319061756,
            0.2563735246658325,
            0.7392016649246216
        ]
    ],
    "AT2G16500": [
        [
            0.0007395858410745859,
            0.05328082665801048,
            0.9459795355796814
        ]
    ],
    "AT2G16530": [
        [
            0.0014244815101847053,
            0.07322370260953903,
            0.9253517389297485
        ]
    ],
    "AT2G16570": [
        [
            0.0007307245978154242,
            0.03750910609960556,
            0.9617601633071899
        ]
    ],
    "AT2G16600": [
        [
            0.000687958556227386,
            0.028410544618964195,
            0.9709014296531677
        ]
    ],
    "AT2G16630": [
        [
            0.0003966683289036155,
            0.013976047746837139,
            0.985627293586731
        ]
    ],
    "AT2G16720": [
        [
            0.002259601606056094,
            0.10048166662454605,
            0.8972586989402771
        ]
    ],
    "AT2G16730": [
        [
            0.0010382609907537699,
            0.04218113794922829,
            0.9567805528640747
        ]
    ],
    "AT2G16770": [
        [
            0.004537717904895544,
            0.18316519260406494,
            0.8122970461845398
        ]
    ],
    "AT2G16800": [
        [
            0.003140617860481143,
            0.16044838726520538,
            0.8364110589027405
        ]
    ],
    "AT2G16850": [
        [
            0.4556983709335327,
            0.0761135071516037,
            0.46818807721138
        ]
    ],
    "AT2G16910": [
        [
            0.09608852863311768,
            0.45767441391944885,
            0.44623705744743347
        ]
    ],